feature_post_pre,beta_post_pre
(intercepto),202123.4861363514
lotSize,2429.9340177888016
age,-3487.287930785848
landValue,23333.833221334724
livingArea,43547.48325759027
pctCollege,174.97959885273323
bedrooms,-7601.031268303476
fireplaces,3149.1740977390305
bathrooms,14745.6970913132
rooms,8369.651207850662
