feature_post_pre,beta_post_pre
(intercepto),201520.26041966723
lotSize,2429.934017788804
age,-3487.28793078585
landValue,23333.833221334724
livingArea,43547.48325759028
pctCollege,1053.0833751946934
bedrooms,-7601.031268303479
fireplaces,3149.174097739027
bathrooms,14745.697091313199
rooms,8369.651207850653
