modelo,R2,RMSE,MAE
Lasso,0.6551019248465869,52485.98577968998,39102.869682164346
ElasticNet,0.6518510270404412,52732.763602380255,39311.83407629884
Ridge,0.6518276611156038,52734.53314532501,39326.120336570515
OLS,0.6504273895933194,52840.470006191696,39472.926362848455
